{
    "accuracy": 0.9401913875598086,
    "precision": 0.8241206030150754,
    "recall": 0.7161572052401747,
    "roc_auc": 0.9314595078787219
}
