{
    "accuracy": 0.9515695067264573,
    "precision": 0.8287671232876712,
    "recall": 0.8066666666666666,
    "roc_auc": 0.9461865284974093
}